-- INSERT INTO table_name (column1, column2, column3, ...)
-- VALUES (value1, value2, value3, ...);

-- UPDATE table_name
-- SET column1 = value1, column2 = value2, ...
-- WHERE condition;


-- INSERT PROJECT
INSERT INTO kobo_import.projects (id, projectname, localisationid)
VALUES (100, 'China Pu''er Nescafe', 17),
(101, 'China Liming', 17),
(102, 'China Ludian', 17),
(103, 'China Zhaoyang', 17);

-- INSERT TRANSLATIONS
INSERT INTO kobo_import.translations (id, languecode, translationlabel)
VALUES 
(94,'ch','冷杉'),
(189,'ch','山合欢'),
(120,'ch','旱冬瓜'),
(253,'ch','毛桃'),
(186,'ch','桃子'),
(50,'ch','刺老包'),
(252,'ch','杏子'),
(124,'ch','菠萝蜜'),
(49,'ch','板栗'),
(38,'ch','雪松'),
(45,'ch','车厘子'),
(51,'ch','樱桃'),
(63,'ch','肉桂'),
(181,'ch','橙子'),
(55,'ch','山楂'),
(126,'ch','杉树'),
(191,'ch','柿子'),
(914,'ch','枇杷'),
(916,'ch','番石榴'),
(920,'ch','火焰树'),
(927,'ch','杧果'),
(930,'ch','蓝花楹'),
(941,'en','Shangtung maple'),(941,'ch','元宝枫'),
(942,'en','Chinese sumac, Tree of heaven'),(942,'ch','臭椿'),
(943,'en','silk tree'),(943,'ch','合欢'),
(944,'en','Plum'),(944,'ch','青梅'),
(945,'en','Apricot'),(945,'ch','大杏子'),
(946,'en','Burmese grape'),(946,'ch','三丫果'),
(947,'en','golden shower tree'),(947,'ch','腊肠树'),
(948,'en','apple-blossom Cassia'),(948,'ch','粉花山扁豆'),
(949,'en','Sour cherry'),(949,'ch','云南樱花'),
(950,'en','Tokyo cherry'),(950,'ch','日本樱花'),
(951,'ch','香樟'),
(952,'en','Siberian hazelnut'),(952,'ch','榛子'),
(953,'ch','柳杉'),
(954,'en','royal poinciana'),(954,'ch','凤凰木'),
(955,'en','Ginkgo'),(955,'ch','银杏'),
(956,'en',''),(956,'ch','山皂荚'),
(957,'en','star anise'),(957,'ch','八角'),
(958,'en','Walnut'),(958,'ch','核桃'),
(959,'en','Hooncho'),(959,'ch','昆明柏'),
(960,'en','Crepe myrtle'),(960,'ch','紫薇'),
(961,'en','Glossy privet'),(961,'ch','女贞'),
(962,'en','macadamia nut'),(962,'ch','澳洲坚果'),
(963,'en','Apple'),(963,'ch','苹果'),
(964,'en','Apple (Fuji)'),(964,'ch','苹果(红富士)'),
(965,'en','red bayberry'),(965,'ch','杨梅'),
(966,'en','Indian trumpet'),(966,'ch','海船'),
(967,'en','Sweet olive, sweet osmanthus'),(967,'ch','桂花'),
(968,'en','Sweet osmanthus, sweet olive'),(968,'ch','丹桂'),
(969,'en','Chinese Photinia'),(969,'ch','石楠'),
(970,'en','Armand pine'),(970,'ch','华山松'),
(971,'en','Yunnan pine'),(971,'ch','云南松'),
(972,'en','Chinese thuja, Oriental arborvitae'),(972,'ch','柏芝'),
(973,'en','Korean aspen'),(973,'ch','杨树'),
(974,'en','Chinese plum, Japanese plum'),(974,'ch','李子'),
(975,'en','Chinese plum (Sanhua)'),(975,'ch','三华李'),
(976,'en','Chinese plum (Zhenzhu)'),(976,'ch','珍珠李'),
(977,'en','Royal Burgundy Flowering Cherry'),(977,'ch','红叶樱花'),
(978,'ch','本地石榴'),
(979,'en','Chinese white pear'),(979,'ch','雪梨'),
(980,'en','Chinese pear'),(980,'ch','小黄梨'),
(981,'en','Oak'),(981,'ch','麻栎'),
(982,'en','Black locust'),(982,'ch','刺槐'),
(983,'en','Chinese rose'),(983,'ch','月季花'),
(984,'ch','蔷薇'),
(985,'ch','竹柳'),
(986,'en','Siamese Senna'),(986,'ch','铁刀木'),
(987,'en','Chinese yew'),(987,'ch','红豆杉'),
(988,'en','Torreya grandis'),(988,'ch','香榧'),
(989,'en','Yunnan torreya'),(989,'ch','云南榧'),
(990,'en','Sichuan pepper'),(990,'ch','花椒');

-- UPDATE TRANSLATIONS
;

-- INSERT SPECIES
INSERT INTO kobo_import.species (id, nom_vulgaire, nom_latin, famille, species_code, translationid)
VALUES 
(895,'Acer truncatum', 'Acer truncatum','', 'acer_truncatum', 941),
(896,'Ailanthus altissima', 'Ailanthus altissima','', 'ailanthus_altissima', 942),
(897,'Albizia julibrissin', 'Albizia julibrissin','', 'albizia_julibrissin', 943),
(898,'Armeniaca mume Sieb. var. palleseens', 'Armeniaca mume Sieb. var. palleseens','', 'armeniaca_mume_sieb_var_palleseens', 944),
(899,'Armeniaca vulgaris Lam.', 'Armeniaca vulgaris Lam.','', 'armeniaca_vulgaris_lam', 945),
(900,'Baccaurea ramiflora', 'Baccaurea ramiflora','', 'baccaurea_ramiflora', 946),
(901,'Cassia fistula', 'Cassia fistula','', 'cassia_fistula', 947),
(902,'Cassia javanica subsp. Nodosa', 'Cassia javanica subsp. Nodosa','', 'cassia_javanica_subsp_nodosa', 948),
(903,'Cerasus cerasoides', 'Cerasus cerasoides','', 'cerasus_cerasoides', 949),
(904,'Cerasus yedoensis', 'Cerasus yedoensis','', 'cerasus_yedoensis', 950),
(905,'Cinnamomum camphora', 'Cinnamomum camphora','', 'cinnamomum_camphora', 951),
(906,'Corylus heterophylla Fisch sutchuenensis Franch', 'Corylus heterophylla Fisch sutchuenensis Franch','', 'corylus_heterophylla_fisch_sutchuenensis_franch', 952),
(907,'Cryptomeria japonica var. sinensis', 'Cryptomeria japonica var. sinensis','', 'cryptomeria_japonica_var_sinensis', 953),
(908,'Delonix regia', 'Delonix regia','', 'delonix_regia', 954),
(909,'Ginkgo biloba', 'Ginkgo biloba','', 'ginkgo_biloba', 955),
(910,'Gleditsia japonica', 'Gleditsia japonica','', 'gleditsia_japonica', 956),
(911,'Illicium verum', 'Illicium verum','', 'illicium_verum', 957),
(912,'Juglans sigillata Dode', 'Juglans sigillata Dode','', 'juglans_sigillata_dode', 958),
(913,'Juniperus gaussenii W. C. Cheng', 'Juniperus gaussenii W. C. Cheng','', 'juniperus_gaussenii_w_c_cheng', 959),
(914,'Lagerstroemia indica', 'Lagerstroemia indica','', 'lagerstroemia_indica', 960),
(915,'Ligustrum lucidum', 'Ligustrum lucidum','', 'ligustrum_lucidum', 961),
(916,'Macadamia integrifolia', 'Macadamia integrifolia','', 'macadamia_integrifolia', 962),
(917,'Malus domestica', 'Malus domestica','', 'malus_domestica', 963),
(918,'Malus pumila', 'Malus pumila','', 'malus_pumila', 964),
(919,'Myrica rubra', 'Myrica rubra','', 'myrica_rubra', 965),
(920,'Oroxylum indicum', 'Oroxylum indicum','', 'oroxylum_indicum', 966),
(921,'Osmanthus fragrans', 'Osmanthus fragrans','', 'osmanthus_fragrans', 967),
(922,'Osmanthus fragrans (Thunb.) Loureiro', 'Osmanthus fragrans (Thunb.) Loureiro','', 'osmanthus_fragrans_thunb_loureiro', 968),
(923,'Photinia serratifolia', 'Photinia serratifolia','', 'photinia_serratifolia', 969),
(924,'Pinus armandii', 'Pinus armandii','', 'pinus_armandii', 970),
(925,'Pinus yunnanensis var. pygmaea', 'Pinus yunnanensis var. pygmaea','', 'pinus_yunnanensis_var_pygmaea', 971),
(926,'Platycladus orientalis', 'Platycladus orientalis','', 'platycladus_orientalis', 972),
(927,'Populus davidiana', 'Populus davidiana','', 'populus_davidiana', 973),
(928,'Prunus salicina', 'Prunus salicina','', 'prunus_salicina', 974),
(929,'Prunus salicina (Sanhua)', 'Prunus salicina (Sanhua)','', 'prunus_salicina_sanhua', 975),
(930,'Prunus salicina (Zhenzhu)', 'Prunus salicina (Zhenzhu)','', 'prunus_salicina_zhenzhu', 976),
(931,'Prunus serrulata ''Royal Burgundy''', 'Prunus serrulata ''Royal Burgundy''','', 'prunus_serrulata_royal_burgundy', 977),
(932,'Punica granatum L.', 'Punica granatum L.','', 'punica_granatum_l', 978),
(933,'Pyrus bretschneideri', 'Pyrus bretschneideri','', 'pyrus_bretschneideri', 979),
(934,'Pyrus bretschneideri Rehd.', 'Pyrus bretschneideri Rehd.','', 'pyrus_bretschneideri_rehd', 980),
(935,'Quercus acutissima', 'Quercus acutissima','', 'quercus_acutissima', 981),
(936,'Robinia pseudoacacia', 'Robinia pseudoacacia','', 'robinia_pseudoacacia', 982),
(937,'Rosa chinensis', 'Rosa chinensis','', 'rosa_chinensis', 983),
(938,'Rosa multibracteata Hemsl. et Wils.', 'Rosa multibracteata Hemsl. et Wils.','', 'rosa_multibracteata_hemsl_et_wils', 984),
(939,'Salicaceae', 'Salicaceae','', 'salicaceae', 985),
(940,'Senna siamea', 'Senna siamea','', 'senna_siamea', 986),
(941,'Taxus wallichiana var. chinensis', 'Taxus wallichiana var. chinensis','', 'taxus_wallichiana_var_chinensis', 987),
(942,'Torreya grandis', 'Torreya grandis','', 'torreya_grandis', 988),
(943,'Torreya yunnanensis', 'Torreya yunnanensis','', 'torreya_yunnanensis', 989),
(944,'Zanthoxylum bugeanum', 'Zanthoxylum bugeanum','', 'zanthoxylum_bugeanum', 990);

-- INSERT PROJECTS SPECIES
INSERT INTO kobo_import.projectspecies (projectid, speciesid)
VALUES 
(100,81),
(100,871),
(100,875),
(100,882),
(100,885),
(100,897),
(100,900),
(100,901),
(100,902),
(100,908),
(100,911),
(100,916),
(100,919),
(100,920),
(100,929),
(100,930),
(100,940),
(100,944),
(101,40),
(101,57),
(101,145),
(101,152),
(101,154),
(101,164),
(101,222),
(101,896),
(101,898),
(101,905),
(101,909),
(101,921),
(101,922),
(101,923),
(101,924),
(101,925),
(101,942),
(101,943),
(101,944),
(102,40),
(102,57),
(102,145),
(102,152),
(102,154),
(102,164),
(102,222),
(102,896),
(102,898),
(102,905),
(102,909),
(102,923),
(102,924),
(102,925),
(102,942),
(102,943),
(102,944),
(103,4),
(103,40),
(103,52),
(103,58),
(103,73),
(103,79),
(103,130),
(103,145),
(103,152),
(103,154),
(103,164),
(103,171),
(103,217),
(103,222),
(103,241),
(103,869),
(103,895),
(103,899),
(103,903),
(103,904),
(103,905),
(103,906),
(103,907),
(103,909),
(103,910),
(103,912),
(103,913),
(103,914),
(103,915),
(103,917),
(103,918),
(103,919),
(103,921),
(103,922),
(103,923),
(103,926),
(103,927),
(103,928),
(103,931),
(103,932),
(103,933),
(103,934),
(103,935),
(103,936),
(103,937),
(103,938),
(103,939),
(103,941),
(103,942),
(103,943),
(103,944);

--VOIR ESPECES DU PROJET AVEC TRAD--
select projectid, speciesid, b.id, nom_vulgaire, species_code, translationid, c.id, languecode, translationlabel
from kobo_import.projectspecies as a
join kobo_import.species as b  ON a.speciesid = b.id
join kobo_import.translations as c ON b.translationid = c.id
WHERE projectid = 98;